"symbol","markPrice","indexPrice","estimatedSettlePrice","lastFundingRate","nextFundingTime","interestRate","time"
"HOTUSDT","0.00128100","0.00128124","0.00128009","0.00007726",1686758400000,"0.00010000",1686746940000
"LTCUSDT","77.64000000","77.67495799","77.73829628","0.00005955",1686758400000,"0.00010000",1686746940000
"SUIUSDT","0.68362951","0.68425707","0.68530053","-0.00010075",1686758400000,"0.00010000",1686746940000
"SUSHIUSDT","0.58920000","0.58919613","0.59075100","0.00007003",1686758400000,"0.00010000",1686746940000
"ARBUSDT","0.99740000","0.99789052","0.99836360","-0.00005563",1686758400000,"0.00010000",1686746940000
"TRXBUSD","0.07257130","0.07264685","0.07262512","-0.00000968",1686758400000,"0.00010000",1686746940000
"CHRUSDT","0.11912026","0.11922307","0.11932751","0.00006827",1686758400000,"0.00010000",1686746940000
"ETCUSDT","15.29700000","15.30094634","15.29187814","0.00010000",1686758400000,"0.00010000",1686746940000
"APEBUSD","2.21732677","2.21192325","0","0.00010000",1686758400000,"0.00010000",1686746940000
"ETHBTC","0.06714145","0.06708788","0.06719235","0.00004508",1686758400000,"0",1686746940000
"LQTYUSDT","0.87081485","0.87078020","0.87158311","0.00010000",1686758400000,"0.00010000",1686746940000
"LINAUSDT","0.01469000","0.01471188","0.01494049","-0.00108888",1686758400000,"0.00010000",1686746940000
"ROSEUSDT","0.04533500","0.04537060","0.04528479","0.00009005",1686758400000,"0.00010000",1686746940000
"XRPBUSD","0.50772268","0.50801839","0.50845367","0.00009612",1686758400000,"0.00010000",1686746940000
"JOEUSDT","0.32954981","0.32956005","0.33005247","-0.00009996",1686758400000,"0.00010000",1686746940000
"BCHUSDT","105.74422913","105.74556990","105.81367319","-0.00006430",1686758400000,"0.00010000",1686746940000
"BNBBUSD","248.56950669","248.83828335","248.73806379","-0.00026753",1686758400000,"0",1686746940000
"ADAUSDT","0.27580000","0.27591698","0.27593522","0.00000176",1686758400000,"0.00010000",1686746940000
"SKLUSDT","0.02496000","0.02497141","0.02496174","0.00000474",1686758400000,"0.00010000",1686746940000
"GTCUSDT","0.99500000","0.99506542","0.99763805","0.00000337",1686758400000,"0.00010000",1686746940000
"BNXUSDT","0.27071118","0.27124992","0.27131948","0.00010000",1686758400000,"0.00010000",1686746940000
"ZENUSDT","6.31300000","6.31870759","6.33000713","0.00008273",1686758400000,"0.00010000",1686746940000
"AGIXUSDT","0.20590000","0.20597593","0.20593870","0.00006895",1686758400000,"0.00010000",1686746940000
"API3USDT","0.93404179","0.93502288","0.93681218","0.00010000",1686758400000,"0.00010000",1686746940000
"EGLDUSDT","30.66563128","30.68985890","30.69903144","0.00010000",1686758400000,"0.00010000",1686746940000
"C98USDT","0.13468473","0.13468584","0.13396942","0.00010000",1686758400000,"0.00010000",1686746940000
"JASMYUSDT","0.00353800","0.00354061","0.00352376","0.00010000",1686758400000,"0.00010000",1686746940000
"AAVEUSDT","55.56000000","55.58917975","55.66129153","0.00010000",1686758400000,"0.00010000",1686746940000
"ENSUSDT","7.61600000","7.62045206","7.59521383","-0.00007472",1686758400000,"0.00010000",1686746940000
"GMTBUSD","0.19807059","0.20251555","0","0.00010000",1686758400000,"0.00010000",1686746940000
"1000SHIBUSDT","0.00690622","0.00690949","0.00687636","0.00010000",1686758400000,"0.00010000",1686746940000
"1000LUNCUSDT","0.09870448","0.09874232","0.09795534","0.00010000",1686758400000,"0.00010000",1686746940000
"ICXUSDT","0.18470000","0.18498059","0.18502418","0.00010000",1686758400000,"0.00010000",1686746940000
"TUSDT","0.01814315","0.01816701","0.01815629","0.00010000",1686758400000,"0.00010000",1686746940000
"KSMUSDT","22.39000000","22.41617275","22.48894425","0.00006443",1686758400000,"0.00010000",1686746940000
"LUNA2USDT","0.61450000","0.61472721","0.61479827","0.00010000",1686758400000,"0.00010000",1686746941000
"IOSTUSDT","0.00760000","0.00761061","0.00760022","0.00005002",1686758400000,"0.00010000",1686746941000
"MTLUSDT","1.18310000","1.18362496","1.20740970","0.00010000",1686758400000,"0.00010000",1686746941000
"IDEXUSDT","0.05773000","0.05778023","0.05775069","0.00010000",1686758400000,"0.00010000",1686746941000
"VETUSDT","0.01617288","0.01618991","0.01617830","-0.00008004",1686758400000,"0.00010000",1686746941000
"FTMUSDT","0.26324490","0.26341734","0.26339113","0.00007005",1686758400000,"0.00010000",1686746941000
"ADABUSD","0.27580830","0.27603473","0.27597994","0.00006280",1686758400000,"0.00010000",1686746941000
"UMAUSDT","1.51461993","1.51714222","1.51878020","0.00005979",1686758400000,"0.00010000",1686746941000
"FILUSDT","3.64800000","3.64990317","3.65229658","0.00002701",1686758400000,"0.00010000",1686746941000
"WAVESUSDT","1.39300000","1.39314459","1.39107507","0.00010000",1686758400000,"0.00010000",1686746941000
"FLOWUSDT","0.48640670","0.48738828","0.48613388","0.00003304",1686758400000,"0.00010000",1686746941000
"ANTUSDT","3.05600000","3.06011812","3.06231940","-0.00015341",1686758400000,"0.00010000",1686746941000
"FXSUSDT","5.00100000","5.00927233","5.01350622","0.00001938",1686758400000,"0.00010000",1686746941000
"AUDIOUSDT","0.17420202","0.17428242","0.17439603","0.00010000",1686758400000,"0.00010000",1686746941000
"BTCBUSD","26007.36502118","26015.52189612","25990.04484274","0.00010000",1686758400000,"0.00010000",1686746941000
"RVNUSDT","0.01774000","0.01774909","0.01779190","-0.00022309",1686758400000,"0.00010000",1686746941000
"ICPUSDT","3.86300000","3.86755848","3.86733566","-0.00001473",1686758400000,"0.00010000",1686746941000
"PHBBUSD","0.60783070","0.60618566","0","0.00010000",1686758400000,"0.00010000",1686746941000
"RADUSDT","1.64370281","1.64337264","1.65747423","0.00010000",1686758400000,"0.00010000",1686746941000
"SNXUSDT","1.82000000","1.82339067","1.82582571","-0.00030026",1686758400000,"0.00010000",1686746941000
"EOSUSDT","0.67892011","0.67889309","0.67767048","0.00010000",1686758400000,"0.00010000",1686746941000
"NEOUSDT","7.93892997","7.94057970","7.93653881","0.00010000",1686758400000,"0.00010000",1686746941000
"TLMUSDT","0.01035185","0.01035303","0.01032678","0.00010000",1686758400000,"0.00010000",1686746941000
"GMXUSDT","45.91000000","45.93315178","45.94886231","0.00003521",1686758400000,"0.00010000",1686746941000
"RDNTUSDT","0.26050000","0.26082444","0.26109899","-0.00050962",1686758400000,"0.00010000",1686746941000
"BLUEBIRDUSDT","6.61771343","6.62835152","6.62815450","-0.00050582",1686758400000,"0.00010000",1686746941000
"NKNUSDT","0.09293000","0.09294528","0.09330576","0.00004070",1686758400000,"0.00010000",1686746941000
"HFTUSDT","0.35960000","0.35986145","0.35814877","0.00007630",1686758400000,"0.00010000",1686746941000
"BLURUSDT","0.31430000","0.31460550","0.31667786","-0.00003759",1686758400000,"0.00010000",1686746941000
"OPUSDT","1.15300000","1.15302787","1.15330304","0.00010000",1686758400000,"0.00010000",1686746941000
"REEFUSDT","0.00156600","0.00156721","0.00156360","0.00010000",1686758400000,"0.00010000",1686746941000
"WOOUSDT","0.16274318","0.16298099","0.16226153","-0.00000260",1686758400000,"0.00010000",1686746941000
"APEUSDT","2.21190391","2.21223785","2.21694835","-0.00036638",1686758400000,"0.00010000",1686746941000
"DYDXUSDT","1.61696723","1.61701034","1.62015456","0.00008108",1686758400000,"0.00010000",1686746941000
"LRCUSDT","0.21697579","0.21719924","0.21693491","0.00010000",1686758400000,"0.00010000",1686746941000
"GALAUSDT","0.02218289","0.02218598","0.02225289","0.00010000",1686758400000,"0.00010000",1686746941000
"BELUSDT","0.57300000","0.57350126","0.57313566","-0.00002677",1686758400000,"0.00010000",1686746941000
"CTKUSDT","0.59404679","0.59459290","0.59481971","-0.00001677",1686758400000,"0.00010000",1686746941000
"ENJUSDT","0.25585717","0.25627307","0.25642975","-0.00006402",1686758400000,"0.00010000",1686746941000
"RENUSDT","0.05597578","0.05598441","0.05624168","-0.00019007",1686758400000,"0.00010000",1686746941000
"IMXUSDT","0.61240000","0.61260648","0.61515054","0.00010000",1686758400000,"0.00010000",1686746941000
"MANAUSDT","0.34535769","0.34567075","0.34530661","0.00004910",1686758400000,"0.00010000",1686746941000
"MATICBUSD","0.65300000","0.65326358","0.65433472","0.00005839",1686758400000,"0.00010000",1686746941000
"NEARBUSD","1.20030319","1.19802351","0","0.00010000",1686758400000,"0.00010000",1686746941000
"RUNEUSDT","0.84794914","0.84858219","0.84627910","-0.00011482",1686758400000,"0.00010000",1686746941000
"DEFIUSDT","412.70000000","413.22617220","413.09048151","-0.00024039",1686758400000,"0.00010000",1686746941000
"BNBUSDT","248.51000000","248.80727138","248.70691085","-0.00034501",1686758400000,"0",1686746941000
"BANDUSDT","1.01730000","1.01751047","1.01822319","0.00000582",1686758400000,"0.00010000",1686746941000
"HOOKUSDT","0.98400000","0.98431023","0.98347546","0.00010000",1686758400000,"0.00010000",1686746941000
"COMBOUSDT","0.95580000","0.95601290","0.95834189","0.00010000",1686758400000,"0.00010000",1686746941000
"AVAXUSDT","11.89725619","11.90613247","11.89055361","-0.00004051",1686758400000,"0.00010000",1686746941000
"CRVUSDT","0.64600000","0.64637103","0.64703137","-0.00040061",1686758400000,"0.00010000",1686746942000
"INJUSDT","6.26500000","6.27388007","6.24382410","-0.00065567",1686758400000,"0.00010000",1686746942000
"EDUUSDT","0.78820000","0.78839723","0.78809395","0.00006991",1686758400000,"0.00010000",1686746942000
"SANDBUSD","0.39335991","0.39249430","0","0.00010000",1686758400000,"0.00010000",1686746942000
"DARUSDT","0.09761826","0.09766412","0.09765831","0.00010000",1686758400000,"0.00010000",1686746942000
"XLMUSDT","0.08192000","0.08202078","0.08209610","-0.00025426",1686758400000,"0.00010000",1686746942000
"ZILUSDT","0.01754000","0.01755873","0.01759461","0.00010000",1686758400000,"0.00010000",1686746942000
"GRTUSDT","0.09894000","0.09900468","0.09906779","0.00007746",1686758400000,"0.00010000",1686746942000
"ALICEUSDT","0.89807294","0.89861110","0.89837596","-0.00011945",1686758400000,"0.00010000",1686746942000
"IOTAUSDT","0.15680000","0.15694317","0.15718736","0.00010000",1686758400000,"0.00010000",1686746942000
"SANDUSDT","0.39230000","0.39246554","0.39333838","0.00008017",1686758400000,"0.00010000",1686746942000
"KAVAUSDT","0.80628634","0.80683320","0.80434715","-0.00049773",1686758400000,"0.00010000",1686746942000
"BTCUSDT_230630","26071.28896256","26011.26131868","25985.56797683","0",0,"0",1686746942000
"1000LUNCBUSD","0.09797183","0.09876449","0","0.00010000",1686758400000,"0.00010000",1686746942000
"LINKUSDT","5.36900000","5.37162315","5.38747871","0.00004218",1686758400000,"0.00010000",1686746942000
"MKRUSDT","657.30623004","657.78498844","656.54985850","0.00010000",1686758400000,"0.00010000",1686746942000
"NEARUSDT","1.19800000","1.19818607","1.20007193","0.00000270",1686758400000,"0.00010000",1686746942000
"ONEUSDT","0.01079887","0.01081117","0.01079746","0.00009620",1686758400000,"0.00010000",1686746942000
"QNTUSDT","100.62000000","100.76926324","100.60330112","-0.00023158",1686758400000,"0.00010000",1686746942000
"XVSUSDT","3.53497924","3.54017729","3.55479579","0.00010000",1686758400000,"0.00010000",1686746942000
"XEMUSDT","0.02690000","0.02695231","0.02694296","0.00002599",1686758400000,"0.00010000",1686746942000
"GALUSDT","1.19671918","1.19686325","1.19659268","-0.00018408",1686758400000,"0.00010000",1686746942000
"YFIUSDT","5643.86682659","5643.52853958","5631.72403777","0.00010000",1686758400000,"0.00010000",1686746942000
"KLAYUSDT","0.15300299","0.15308046","0.15314118","0.00010000",1686758400000,"0.00010000",1686746942000
"AMBUSDT","0.00788881","0.00788849","0.00789710","0.00000876",1686758400000,"0.00010000",1686746942000
"SFPUSDT","0.35780000","0.35800026","0.35850267","0.00009105",1686758400000,"0.00010000",1686746942000
"COTIUSDT","0.04602951","0.04602627","0.04598687","0.00010000",1686758400000,"0.00010000",1686746942000
"ANKRUSDT","0.02027327","0.02027247","0.02030694","0.00010000",1686758400000,"0.00010000",1686746942000
"FOOTBALLUSDT","390.05000000","390.52156714","391.28782748","-0.00072529",1686758400000,"0.00010000",1686746942000
"DOTUSDT","4.68842943","4.69168735","4.68396322","-0.00007442",1686758400000,"0.00010000",1686746942000
"DGBUSDT","0.00655388","0.00655673","0.00656127","0.00010000",1686758400000,"0.00010000",1686746942000
"LPTUSDT","3.92403937","3.92497280","3.91986235","0.00010000",1686758400000,"0.00010000",1686746942000
"BAKEUSDT","0.09868809","0.09881423","0.09865378","0.00010000",1686758400000,"0.00010000",1686746942000
"LITUSDT","0.62103589","0.62144912","0.62170898","0.00010000",1686758400000,"0.00010000",1686746942000
"SOLBUSD","15.18500000","15.18979509","15.20143313","0.00010000",1686758400000,"0.00010000",1686746942000
"LINKBUSD","5.38887508","5.37258309","0","0.00010000",1686758400000,"0.00010000",1686746942000
"XTZUSDT","0.77116782","0.77168827","0.77361804","-0.00190722",1686758400000,"0.00010000",1686746942000
"DODOBUSD","0.09200000","0.09198131","0.09217409","0.00010000",1686758400000,"0.00010000",1686746942000
"PEOPLEUSDT","0.01165000","0.01166032","0.01168446","0.00008533",1686758400000,"0.00010000",1686746942000
"AXSUSDT","5.00200000","5.00479204","5.00245140","-0.00005420",1686758400000,"0.00010000",1686746942000
"BLZUSDT","0.05283892","0.05291933","0.05321943","0.00010000",1686758400000,"0.00010000",1686746942000
"LTCBUSD","77.66000000","77.68710370","77.75452255","0.00010000",1686758400000,"0.00010000",1686746942000
"TRUUSDT","0.03416000","0.03409390","0.03390030","0.00010000",1686758400000,"0.00010000",1686746942000
"DASHUSDT","30.19000000","30.21858035","30.18870182","0.00001898",1686758400000,"0.00010000",1686746942000
"KEYUSDT","0.00622200","0.00623086","0.00615571","-0.00038664",1686758400000,"0.00010000",1686746942000
"STGUSDT","0.55743681","0.55780234","0.55615835","0.00007767",1686758400000,"0.00010000",1686746942000
"BTCDOMUSDT","1706.92471694","1706.04065022","1703.75482083","0.00010000",1686758400000,"0.00010000",1686746942000
"UNFIUSDT","3.34030410","3.34138130","3.33776464","0.00010000",1686758400000,"0.00010000",1686746942000
"FILBUSD","3.65310775","3.65055008","0","0.00010000",1686758400000,"0.00010000",1686746942000
"BTCUSDT","26003.40000000","26011.50747253","25985.57563990","0.00005736",1686758400000,"0.00010000",1686746942000
"COCOSUSDT","1.75460000","1.75460000","0","0.00010000",1686758400000,"0.00010000",1686746942000
"FETUSDT","0.18854994","0.18854367","0.18919307","0.00006918",1686758400000,"0.00010000",1686746942000
"RSRUSDT","0.00199062","0.00199227","0.00199349","0.00010000",1686758400000,"0.00010000",1686746943000
"AGIXBUSD","0.20600202","0.20605948","0.20597187","0.00010000",1686758400000,"0.00010000",1686746943000
"SSVUSDT","16.52000000","16.52691501","16.55792325","0.00010000",1686758400000,"0.00010000",1686746943000
"ETCBUSD","15.29239748","15.30134676","0","0.00010000",1686758400000,"0.00010000",1686746943000
"APTUSDT","6.35100000","6.35352748","6.35939560","0.00005832",1686758400000,"0.00010000",1686746943000
"ONTUSDT","0.16892348","0.16896305","0.16924056","0.00010000",1686758400000,"0.00010000",1686746943000
"OMGUSDT","0.55458258","0.55458801","0.55511956","0.00010000",1686758400000,"0.00010000",1686746943000
"1000XECUSDT","0.02021603","0.02024197","0.02027479","-0.00004967",1686758400000,"0.00010000",1686746943000
"GMTUSDT","0.20211601","0.20260306","0.19804370","-0.00021131",1686758400000,"0.00010000",1686746943000
"CVXUSDT","3.45900000","3.45897459","3.46147411","-0.00000677",1686758400000,"0.00010000",1686746943000
"TRXUSDT","0.07258633","0.07265511","0.07261581","-0.00020300",1686758400000,"0.00010000",1686746943000
"RLCUSDT","1.22510000","1.22539292","1.22832997","-0.00006893",1686758400000,"0.00010000",1686746943000
"ZRXUSDT","0.17510000","0.17529777","0.17532341","0.00010000",1686758400000,"0.00010000",1686746943000
"FTMBUSD","0.26322288","0.26345928","0.26344879","-0.00005619",1686758400000,"0.00010000",1686746943000
"1000SHIBBUSD","0.00687753","0.00691019","0","0.00010000",1686758400000,"0.00010000",1686746943000
"CELRUSDT","0.01544898","0.01544863","0.01541816","0.00010000",1686758400000,"0.00010000",1686746943000
"DOGEUSDT","0.06191266","0.06193883","0.06195756","0.00009021",1686758400000,"0.00010000",1686746943000
"APTBUSD","6.35400000","6.35448579","6.36096825","0.00010000",1686758400000,"0.00010000",1686746943000
"CHZUSDT","0.06813844","0.06817679","0.06819576","0.00009638",1686758400000,"0.00010000",1686746943000
"ASTRUSDT","0.03876000","0.03876329","0.03868326","-0.00013426",1686758400000,"0.00010000",1686746943000
"MATICUSDT","0.65281889","0.65323547","0.65423680","-0.00003456",1686758400000,"0.00010000",1686746943000
"THETAUSDT","0.64427488","0.64495875","0.64487396","0.00010000",1686758400000,"0.00010000",1686746943000
"DOGEBUSD","0.06192000","0.06195254","0.06197365","0.00005091",1686758400000,"0.00010000",1686746943000
"XMRUSDT","136.04974006","136.22056479","136.36168702","-0.00005997",1686758400000,"0.00010000",1686746943000
"QTUMUSDT","2.10800000","2.11039167","2.10806266","0.00010000",1686758400000,"0.00010000",1686746943000
"USDCUSDT","0.99944207","1.00011842","1.00005019","-0.00014417",1686758400000,"0.00010000",1686746943000
"CKBUSDT","0.00276081","0.00276070","0.00276374","0.00010000",1686758400000,"0.00010000",1686746943000
"GALABUSD","0.02218265","0.02219322","0.02226371","-0.00002722",1686758400000,"0.00010000",1686746943000
"DUSKUSDT","0.10532005","0.10549102","0.10553534","0.00010000",1686758400000,"0.00010000",1686746943000
"CFXUSDT","0.18920000","0.18924231","0.18840223","0.00010000",1686758400000,"0.00010000",1686746943000
"AVAXBUSD","11.89234080","11.90288147","0","0.00010000",1686758400000,"0.00010000",1686746943000
"ALGOUSDT","0.11610000","0.11612633","0.11571826","-0.00001680",1686758400000,"0.00010000",1686746943000
"ATAUSDT","0.09045207","0.09043218","0.09051543","0.00010000",1686758400000,"0.00010000",1686746943000
"STXUSDT","0.51850000","0.51883838","0.51861607","-0.00031216",1686758400000,"0.00010000",1686746943000
"CTSIUSDT","0.12540000","0.12545396","0.12519682","0.00008279",1686758400000,"0.00010000",1686746943000
"DENTUSDT","0.00066608","0.00066681","0.00066629","0.00010000",1686758400000,"0.00010000",1686746943000
"ATOMUSDT","8.75100000","8.75878156","8.75551048","-0.00020790",1686758400000,"0.00010000",1686746943000
"ETHUSDT_230630","1747.41344666","1744.82517647","1746.02988743","0",0,"0",1686746943000
"LDOUSDT","1.78209203","1.78351465","1.78648973","-0.00008517",1686758400000,"0.00010000",1686746943000
"COMPUSDT","27.87483838","27.91081708","27.95400131","0.00002557",1686758400000,"0.00010000",1686746943000
"ARUSDT","5.16063110","5.16134431","5.16065127","0.00010000",1686758400000,"0.00010000",1686746943000
"BATUSDT","0.16950000","0.16969697","0.16966659","0.00009106",1686758400000,"0.00010000",1686746943000
"IDUSDT","0.29190000","0.29192955","0.29258007","0.00010000",1686758400000,"0.00010000",1686746943000
"PHBUSDT","0.60566749","0.60639944","0.60789238","0.00005827",1686758400000,"0.00010000",1686746943000
"IOTXUSDT","0.01770000","0.01771594","0.01773076","0.00010000",1686758400000,"0.00010000",1686746943000
"1000FLOKIUSDT","0.02218174","0.02219726","0.02226502","0.00010000",1686758400000,"0.00010000",1686746943000
"MAGICUSDT","0.70200000","0.70226601","0.70312258","0.00010000",1686758400000,"0.00010000",1686746943000
"ETHUSDT","1744.31000000","1744.82658824","1746.02953195","0.00007790",1686758400000,"0.00010000",1686746943000
"OGNUSDT","0.07137362","0.07137257","0.07145950","0.00010000",1686758400000,"0.00010000",1686746943000
"TOMOUSDT","1.60050000","1.60197097","1.62536020","-0.00014509",1686758400000,"0.00010000",1686746943000
"KNCUSDT","0.48850000","0.48870322","0.48765353","0.00010000",1686758400000,"0.00010000",1686746943000
"ARPAUSDT","0.04868706","0.04869195","0.04869442","0.00006324",1686758400000,"0.00010000",1686746943000
"UNIBUSD","4.46361288","4.47558225","0","0.00010000",1686758400000,"0.00010000",1686746943000
"CELOUSDT","0.41151919","0.41204253","0.41122346","0.00010000",1686758400000,"0.00010000",1686746944000
"OCEANUSDT","0.29610000","0.29642718","0.29706182","0.00004420",1686758400000,"0.00010000",1686746944000
"STMXUSDT","0.00347569","0.00347948","0.00347888","0.00010000",1686758400000,"0.00010000",1686746944000
"LDOBUSD","1.78230000","1.78299049","1.78684148","0.00010000",1686758400000,"0.00010000",1686746944000
"LEVERUSDT","0.00118508","0.00118516","0.00117665","0.00010000",1686758400000,"0.00010000",1686746944000
"RNDRUSDT","1.93651327","1.93675345","1.93495327","-0.00017524",1686758400000,"0.00010000",1686746944000
"ETHBUSD","1744.60000000","1745.20451999","1746.33976141","0.00010000",1686758400000,"0.00010000",1686746944000
"DOTBUSD","4.68498841","4.69159497","0","0.00010000",1686758400000,"0.00010000",1686746944000
"SOLUSDT","15.18100000","15.18835564","15.19793106","0.00000440",1686758400000,"0.00010000",1686746944000
"PERPUSDT","0.41430000","0.41439837","0.41359351","0.00010000",1686758400000,"0.00010000",1686746944000
"XRPUSDT","0.50770000","0.50788132","0.50835615","-0.00005761",1686758400000,"0.00010000",1686746944000
"HIGHUSDT","1.32600000","1.32669840","1.33239790","0.00010000",1686758400000,"0.00010000",1686746944000
"ALPHAUSDT","0.11951000","0.11960991","0.11894976","-0.00039956",1686758400000,"0.00010000",1686746944000
"1INCHUSDT","0.27040000","0.27038234","0.27054363","0.00010000",1686758400000,"0.00010000",1686746944000
"BALUSDT","4.54000000","4.54479007","4.54993684","-0.00020486",1686758400000,"0.00010000",1686746944000
"SXPUSDT","0.33030000","0.33037824","0.33095430","0.00007163",1686758400000,"0.00010000",1686746944000
"HBARUSDT","0.04661000","0.04665668","0.04666801","-0.00004676",1686758400000,"0.00010000",1686746944000
"MINAUSDT","0.41829554","0.41900598","0.42166220","0.00010000",1686758400000,"0.00010000",1686746944000
"ZECUSDT","25.22000000","25.22164929","25.25845645","0.00010000",1686758400000,"0.00010000",1686746944000
"1000PEPEUSDT","0.00092725","0.00092721","0.00092831","0.00010000",1686758400000,"0.00010000",1686746944000
"SPELLUSDT","0.00043780","0.00043797","0.00043863","0.00010000",1686758400000,"0.00010000",1686746944000
"STORJUSDT","0.23321838","0.23330631","0.23332733","-0.00000825",1686758400000,"0.00010000",1686746944000
"TRBUSDT","9.42000000","9.42730051","9.43495818","0.00010000",1686758400000,"0.00010000",1686746944000
"UNIUSDT","4.47400000","4.47578427","4.46286947","-0.00011907",1686758400000,"0.00010000",1686746944000
"ACHUSDT","0.01996000","0.01998631","0.02007292","0.00010000",1686758400000,"0.00010000",1686746944000
"FLMUSDT","0.05921113","0.05935767","0.05954103","0.00010000",1686758400000,"0.00010000",1686746944000
"MASKUSDT","3.57900000","3.57935057","3.58577354","-0.00008097",1686758400000,"0.00010000",1686746944000
"SUSHIUSDT","0.58900000","0.58920370","0.59074970","0.00007003",1686758400000,"0.00010000",1686746944000
"LTCUSDT","77.64000000","77.68123075","77.73813892","0.00005955",1686758400000,"0.00010000",1686746944000
"HOTUSDT","0.00128100","0.00128124","0.00128009","0.00007726",1686758400000,"0.00010000",1686746944000
"SUIUSDT","0.68380000","0.68430904","0.68529822","-0.00010230",1686758400000,"0.00010000",1686746944000
"ARBUSDT","0.99740000","0.99791058","0.99836214","-0.00005560",1686758400000,"0.00010000",1686746944000
"CHRUSDT","0.11920000","0.11922045","0.11932754","0.00006827",1686758400000,"0.00010000",1686746944000
"TRXBUSD","0.07256579","0.07264146","0.07262530","-0.00001348",1686758400000,"0.00010000",1686746944000
"ETCUSDT","15.30000000","15.30112823","15.29190987","0.00010000",1686758400000,"0.00010000",1686746944000
"APEBUSD","2.21730856","2.21184919","0","0.00010000",1686758400000,"0.00010000",1686746944000
"LQTYUSDT","0.87085557","0.87082093","0.87158273","0.00010000",1686758400000,"0.00010000",1686746944000
"ETHBTC","0.06714222","0.06708853","0.06719214","0.00004533",1686758400000,"0",1686746944000
"LINAUSDT","0.01469000","0.01471089","0.01494018","-0.00108888",1686758400000,"0.00010000",1686746944000
"ROSEUSDT","0.04533558","0.04537122","0.04528499","0.00009005",1686758400000,"0.00010000",1686746944000
"XRPBUSD","0.50769378","0.50798817","0.50845409","0.00009612",1686758400000,"0.00010000",1686746944000
"JOEUSDT","0.32955960","0.32956444","0.33005040","-0.00009631",1686758400000,"0.00010000",1686746944000
"BCHUSDT","105.74558283","105.74692314","105.81369342","-0.00006430",1686758400000,"0.00010000",1686746944000
"BNBBUSD","248.56000000","248.82494608","248.73803021","-0.00026753",1686758400000,"0",1686746944000
"ADAUSDT","0.27580000","0.27592207","0.27593584","0.00000176",1686758400000,"0.00010000",1686746944000
"SKLUSDT","0.02496000","0.02497180","0.02496179","0.00000474",1686758400000,"0.00010000",1686746944000
"GTCUSDT","0.99400000","0.99508109","0.99762883","0.00000337",1686758400000,"0.00010000",1686746944000
"BNXUSDT","0.27070298","0.27125422","0.27132005","0.00010000",1686758400000,"0.00010000",1686746944000
"ZENUSDT","6.31300000","6.31878536","6.32998347","0.00008273",1686758400000,"0.00010000",1686746944000
"AGIXUSDT","0.20590000","0.20604096","0.20593843","0.00006800",1686758400000,"0.00010000",1686746944000
"API3USDT","0.93404432","0.93503493","0.93681061","0.00010000",1686758400000,"0.00010000",1686746944000
"C98USDT","0.13468803","0.13468759","0.13397170","0.00010000",1686758400000,"0.00010000",1686746945001
"EGLDUSDT","30.67072059","30.69515695","30.69897576","0.00010000",1686758400000,"0.00010000",1686746945001
"JASMYUSDT","0.00353900","0.00354061","0.00352381","0.00010000",1686758400000,"0.00010000",1686746945001
"AAVEUSDT","55.56000000","55.58980551","55.66097173","0.00010000",1686758400000,"0.00010000",1686746945001
"ENSUSDT","7.61600000","7.62029305","7.59526837","-0.00007472",1686758400000,"0.00010000",1686746945001
"GMTBUSD","0.19808675","0.20253361","0","0.00010000",1686758400000,"0.00010000",1686746945001
"1000SHIBUSDT","0.00690595","0.00690949","0.00687644","0.00010000",1686758400000,"0.00010000",1686746945001
"1000LUNCUSDT","0.09869107","0.09872640","0.09795627","0.00010000",1686758400000,"0.00010000",1686746945001
"TUSDT","0.01814211","0.01816612","0.01815633","0.00010000",1686758400000,"0.00010000",1686746945001
"ICXUSDT","0.18470000","0.18498290","0.18502424","0.00010000",1686758400000,"0.00010000",1686746945001
"KSMUSDT","22.40000000","22.41641386","22.48881591","0.00006443",1686758400000,"0.00010000",1686746945001
"IOSTUSDT","0.00760000","0.00761061","0.00760024","0.00005002",1686758400000,"0.00010000",1686746945001
"LUNA2USDT","0.61450000","0.61477721","0.61479855","0.00010000",1686758400000,"0.00010000",1686746945001
"IDEXUSDT","0.05773000","0.05778022","0.05775082","0.00010000",1686758400000,"0.00010000",1686746945001
"MTLUSDT","1.18320000","1.18417759","1.20735572","0.00010000",1686758400000,"0.00010000",1686746945001
"ADABUSD","0.27581150","0.27603792","0.27598071","0.00006280",1686758400000,"0.00010000",1686746945001
"FTMUSDT","0.26330000","0.26341732","0.26339159","0.00007005",1686758400000,"0.00010000",1686746945001
"VETUSDT","0.01617288","0.01618991","0.01617833","-0.00008004",1686758400000,"0.00010000",1686746945001
"UMAUSDT","1.51461985","1.51714214","1.51877475","0.00005979",1686758400000,"0.00010000",1686746945001
"FILUSDT","3.64800000","3.64976344","3.65228451","0.00002701",1686758400000,"0.00010000",1686746945001
"FLOWUSDT","0.48688860","0.48787018","0.48613572","0.00003304",1686758400000,"0.00010000",1686746945001
"WAVESUSDT","1.39318988","1.39315201","1.39108175","0.00010000",1686758400000,"0.00010000",1686746945001
"FXSUSDT","5.00100000","5.00927200","5.01350603","0.00001938",1686758400000,"0.00010000",1686746945001
"ANTUSDT","3.05600000","3.06011795","3.06231963","-0.00015341",1686758400000,"0.00010000",1686746945001
"BTCBUSD","26007.30000000","26014.88711936","25990.08633812","0.00010000",1686758400000,"0.00010000",1686746945001
"AUDIOUSDT","0.17420200","0.17428241","0.17439626","0.00010000",1686758400000,"0.00010000",1686746945001
"RVNUSDT","0.01773000","0.01775214","0.01779199","-0.00022309",1686758400000,"0.00010000",1686746945001
"ICPUSDT","3.86376119","3.86840040","3.86733382","-0.00001473",1686758400000,"0.00010000",1686746945001
"PHBBUSD","0.60782671","0.60618107","0","0.00010000",1686758400000,"0.00010000",1686746945001
"RADUSDT","1.64368771","1.64335754","1.65743177","0.00010000",1686758400000,"0.00010000",1686746945001
"SNXUSDT","1.82000000","1.82339056","1.82582099","-0.00030026",1686758400000,"0.00010000",1686746945001
"EOSUSDT","0.67900000","0.67899855","0.67767157","0.00010000",1686758400000,"0.00010000",1686746945001
"NEOUSDT","7.93892950","7.94057922","7.93653753","0.00010000",1686758400000,"0.00010000",1686746945001
"TLMUSDT","0.01035175","0.01035293","0.01032684","0.00010000",1686758400000,"0.00010000",1686746945001
"GMXUSDT","45.91000000","45.93314939","45.94883261","0.00003521",1686758400000,"0.00010000",1686746945001
"BLUEBIRDUSDT","6.61721652","6.62785461","6.62814802","-0.00050582",1686758400000,"0.00010000",1686746945001
"RDNTUSDT","0.26050000","0.26082442","0.26109695","-0.00050962",1686758400000,"0.00010000",1686746945001
"NKNUSDT","0.09293000","0.09294527","0.09330527","0.00004070",1686758400000,"0.00010000",1686746945001
"HFTUSDT","0.35960000","0.35986142","0.35815134","0.00007630",1686758400000,"0.00010000",1686746945001
"BLURUSDT","0.31430000","0.31462800","0.31667415","-0.00003759",1686758400000,"0.00010000",1686746945001
"OPUSDT","1.15300000","1.15304024","1.15330343","0.00010000",1686758400000,"0.00010000",1686746945001
"REEFUSDT","0.00156600","0.00156748","0.00156360","0.00010000",1686758400000,"0.00010000",1686746945001
"APEUSDT","2.21143887","2.21177261","2.21692535","-0.00036638",1686758400000,"0.00010000",1686746945001
"WOOUSDT","0.16274318","0.16298099","0.16226188","-0.00000260",1686758400000,"0.00010000",1686746945001
"DYDXUSDT","1.61696715","1.61701025","1.62014374","0.00008108",1686758400000,"0.00010000",1686746945001
"LRCUSDT","0.21700000","0.21719923","0.21693575","0.00010000",1686758400000,"0.00010000",1686746945001
"BELUSDT","0.57300000","0.57350123","0.57313652","-0.00002677",1686758400000,"0.00010000",1686746945001
"GALAUSDT","0.02218000","0.02218101","0.02225281","0.00010000",1686758400000,"0.00010000",1686746945001
"CTKUSDT","0.59404674","0.59459286","0.59481941","-0.00001677",1686758400000,"0.00010000",1686746945001
"RENUSDT","0.05598000","0.05599310","0.05624095","-0.00019007",1686758400000,"0.00010000",1686746946000
"ENJUSDT","0.25585737","0.25627339","0.25642915","-0.00006402",1686758400000,"0.00010000",1686746946000
"IMXUSDT","0.61250000","0.61260714","0.61514290","0.00010000",1686758400000,"0.00010000",1686746946000
"MANAUSDT","0.34550000","0.34576533","0.34530741","0.00004910",1686758400000,"0.00010000",1686746946000
"NEARBUSD","1.20029887","1.19799926","0","0.00010000",1686758400000,"0.00010000",1686746946000
"MATICBUSD","0.65300125","0.65328910","0.65433295","0.00005839",1686758400000,"0.00010000",1686746946000
"RUNEUSDT","0.84800000","0.84858356","0.84628277","-0.00011482",1686758400000,"0.00010000",1686746946000
"DEFIUSDT","412.70000000","413.22981804","413.09104144","-0.00024039",1686758400000,"0.00010000",1686746946000
"BNBUSDT","248.55000000","248.83311754","248.70690752","-0.00034501",1686758400000,"0",1686746946000
"BANDUSDT","1.01730000","1.01751638","1.01822236","0.00000582",1686758400000,"0.00010000",1686746946000
"HOOKUSDT","0.98400000","0.98414260","0.98348198","0.00010000",1686758400000,"0.00010000",1686746946000
"COMBOUSDT","0.95580000","0.95601290","0.95833145","0.00010000",1686758400000,"0.00010000",1686746946000
"AVAXUSDT","11.89728051","11.90614584","11.89058136","-0.00004051",1686758400000,"0.00010000",1686746946000
"INJUSDT","6.26735786","6.27642100","6.24386227","-0.00065567",1686758400000,"0.00010000",1686746946000
"CRVUSDT","0.64571980","0.64637107","0.64702953","-0.00040061",1686758400000,"0.00010000",1686746946000
"EDUUSDT","0.78780000","0.78857876","0.78809047","0.00006991",1686758400000,"0.00010000",1686746946000
"SANDBUSD","0.39335943","0.39249431","0","0.00010000",1686758400000,"0.00010000",1686746946000
"DARUSDT","0.09761837","0.09766413","0.09765876","0.00010000",1686758400000,"0.00010000",1686746946000
"XLMUSDT","0.08192046","0.08202079","0.08209604","-0.00025426",1686758400000,"0.00010000",1686746946000
"GRTUSDT","0.09898000","0.09900396","0.09906764","0.00007746",1686758400000,"0.00010000",1686746946000
"ZILUSDT","0.01754000","0.01755872","0.01759451","0.00010000",1686758400000,"0.00010000",1686746946000
"ALICEUSDT","0.89805583","0.89861116","0.89837537","-0.00011945",1686758400000,"0.00010000",1686746946000
"IOTAUSDT","0.15680000","0.15694318","0.15718647","0.00010000",1686758400000,"0.00010000",1686746946000
"SANDUSDT","0.39220000","0.39246556","0.39333791","0.00008017",1686758400000,"0.00010000",1686746946000
"BTCUSDT_230630","26071.67173403","26011.60747253","25985.61730010","0",0,"0",1686746946000
"KAVAUSDT","0.80623038","0.80679100","0.80434956","-0.00049773",1686758400000,"0.00010000",1686746946000
"1000LUNCBUSD","0.09797259","0.09874615","0","0.00010000",1686758400000,"0.00010000",1686746946000
"MKRUSDT","657.29267767","657.78502650","656.55253444","0.00010000",1686758400000,"0.00010000",1686746946000
"LINKUSDT","5.36900000","5.37162346","5.38745381","0.00004218",1686758400000,"0.00010000",1686746946000
"ONEUSDT","0.01079950","0.01081204","0.01079748","0.00009620",1686758400000,"0.00010000",1686746946000
"NEARUSDT","1.19800000","1.19818264","1.20006883","0.00000270",1686758400000,"0.00010000",1686746946000
"QNTUSDT","100.60000000","100.76058868","100.60322835","-0.00023158",1686758400000,"0.00010000",1686746946000
"XVSUSDT","3.53492870","3.54017753","3.55478606","0.00010000",1686758400000,"0.00010000",1686746946000
"XEMUSDT","0.02690000","0.02695234","0.02694291","0.00002599",1686758400000,"0.00010000",1686746946000
"YFIUSDT","5643.84688268","5643.52887792","5631.74918433","0.00010000",1686758400000,"0.00010000",1686746946000
"GALUSDT","1.19660000","1.19686332","1.19658947","-0.00018408",1686758400000,"0.00010000",1686746946000
"KLAYUSDT","0.15295725","0.15303553","0.15314116","0.00010000",1686758400000,"0.00010000",1686746946000
"AMBUSDT","0.00788000","0.00788849","0.00789707","0.00000876",1686758400000,"0.00010000",1686746946000
"SFPUSDT","0.35780000","0.35800029","0.35850149","0.00009105",1686758400000,"0.00010000",1686746946000
"COTIUSDT","0.04603012","0.04602627","0.04598695","0.00010000",1686758400000,"0.00010000",1686746946000
"ANKRUSDT","0.02027357","0.02027277","0.02030691","0.00010000",1686758400000,"0.00010000",1686746946000
"FOOTBALLUSDT","390.13714886","390.60490967","391.28636180","-0.00072529",1686758400000,"0.00010000",1686746946000
"DOTUSDT","4.68913885","4.69236944","4.68398398","-0.00007442",1686758400000,"0.00010000",1686746946000
"DGBUSDT","0.00655399","0.00655673","0.00656126","0.00010000",1686758400000,"0.00010000",1686746946000
"LPTUSDT","3.92400000","3.92497301","3.91987763","0.00010000",1686758400000,"0.00010000",1686746946000
"LITUSDT","0.62103518","0.62144917","0.62170842","0.00010000",1686758400000,"0.00010000",1686746946000
"BAKEUSDT","0.09868653","0.09881424","0.09865425","0.00010000",1686758400000,"0.00010000",1686746946000
"SOLBUSD","15.18500000","15.18979532","15.20142197","0.00010000",1686758400000,"0.00010000",1686746946000
"LINKBUSD","5.38884925","5.37258316","0","0.00010000",1686758400000,"0.00010000",1686746946000
"XTZUSDT","0.77133842","0.77168832","0.77361596","-0.00190722",1686758400000,"0.00010000",1686746947000
"DODOBUSD","0.09200000","0.09197972","0.09217388","0.00010000",1686758400000,"0.00010000",1686746947000
"PEOPLEUSDT","0.01165000","0.01166032","0.01168444","0.00008533",1686758400000,"0.00010000",1686746947000
"AXSUSDT","5.00300000","5.00477775","5.00245769","-0.00005420",1686758400000,"0.00010000",1686746947000
"BLZUSDT","0.05283796","0.05291934","0.05321884","0.00010000",1686758400000,"0.00010000",1686746947000
"LTCBUSD","77.66000000","77.68710540","77.75433885","0.00010000",1686758400000,"0.00010000",1686746947000
"TRUUSDT","0.03416791","0.03409386","0.03390117","0.00010000",1686758400000,"0.00010000",1686746947000
"DASHUSDT","30.19000000","30.21858210","30.18869331","0.00001898",1686758400000,"0.00010000",1686746947000
"BTCDOMUSDT","1706.91966423","1706.03039945","1703.75917566","0.00010000",1686758400000,"0.00010000",1686746947000
"STGUSDT","0.55750000","0.55779393","0.55616087","0.00007767",1686758400000,"0.00010000",1686746947000
"KEYUSDT","0.00622200","0.00623087","0.00615583","-0.00038664",1686758400000,"0.00010000",1686746947000
"UNFIUSDT","3.34030193","3.34138152","3.33776948","0.00010000",1686758400000,"0.00010000",1686746947000
"FILBUSD","3.65309522","3.65055015","0","0.00010000",1686758400000,"0.00010000",1686746947000
"BTCUSDT","26000.46199106","26011.60747253","25985.62002600","0.00005736",1686758400000,"0.00010000",1686746947000
"FETUSDT","0.18850467","0.18854339","0.18919131","0.00006918",1686758400000,"0.00010000",1686746947000
"COCOSUSDT","1.75460000","1.75460000","0","0.00010000",1686758400000,"0.00010000",1686746947000
"RSRUSDT","0.00199063","0.00199227","0.00199350","0.00010000",1686758400000,"0.00010000",1686746947000
"ETCBUSD","15.29242839","15.30154936","0","0.00010000",1686758400000,"0.00010000",1686746947000
"AGIXBUSD","0.20600882","0.20606780","0.20597151","0.00010000",1686758400000,"0.00010000",1686746947000
"SSVUSDT","16.52757319","16.52691596","16.55785820","0.00010000",1686758400000,"0.00010000",1686746947000
"APTUSDT","6.35100000","6.35351982","6.35939862","0.00005832",1686758400000,"0.00010000",1686746947000
"ONTUSDT","0.16892409","0.16896306","0.16924022","0.00010000",1686758400000,"0.00010000",1686746947000
"OMGUSDT","0.55458259","0.55458801","0.55511874","0.00010000",1686758400000,"0.00010000",1686746947000
"1000XECUSDT","0.02021582","0.02024194","0.02027474","-0.00004967",1686758400000,"0.00010000",1686746947000
"GMTUSDT","0.20220000","0.20259584","0.19805409","-0.00021131",1686758400000,"0.00010000",1686746947000
"CVXUSDT","3.45979889","3.46202466","3.46146734","-0.00000677",1686758400000,"0.00010000",1686746947000
"TRXUSDT","0.07259013","0.07265918","0.07261598","-0.00020300",1686758400000,"0.00010000",1686746947000
"RLCUSDT","1.22510000","1.22539301","1.22832719","-0.00006893",1686758400000,"0.00010000",1686746947000
"ZRXUSDT","0.17510000","0.17529778","0.17532344","0.00010000",1686758400000,"0.00010000",1686746947000
"FTMBUSD","0.26322324","0.26345929","0.26344910","-0.00005619",1686758400000,"0.00010000",1686746947000
"CELRUSDT","0.01544898","0.01544863","0.01541820","0.00010000",1686758400000,"0.00010000",1686746947000
"1000SHIBBUSD","0.00687759","0.00691088","0","0.00010000",1686758400000,"0.00010000",1686746947000
"DOGEUSDT","0.06191339","0.06193965","0.06195751","0.00009021",1686758400000,"0.00010000",1686746947000
"APTBUSD","6.35400000","6.35456951","6.36096993","0.00010000",1686758400000,"0.00010000",1686746947000
"CHZUSDT","0.06813775","0.06817680","0.06819579","0.00009638",1686758400000,"0.00010000",1686746947000
"MATICUSDT","0.65283314","0.65325050","0.65423547","-0.00003456",1686758400000,"0.00010000",1686746947000
"ASTRUSDT","0.03876000","0.03876408","0.03868365","-0.00013426",1686758400000,"0.00010000",1686746947000
"THETAUSDT","0.64426672","0.64496601","0.64487450","0.00010000",1686758400000,"0.00010000",1686746947000
"XMRUSDT","136.05278334","136.22192016","136.36109443","-0.00005997",1686758400000,"0.00010000",1686746947000
"DOGEBUSD","0.06192418","0.06195862","0.06197359","0.00005091",1686758400000,"0.00010000",1686746947000
"QTUMUSDT","2.10800000","2.11039179","2.10806578","0.00010000",1686758400000,"0.00010000",1686746947000
"USDCUSDT","0.99944141","1.00011847","1.00005023","-0.00014417",1686758400000,"0.00010000",1686746947000
"CKBUSDT","0.00276081","0.00276070","0.00276375","0.00010000",1686758400000,"0.00010000",1686746947000
"GALABUSD","0.02218258","0.02219322","0.02226366","-0.00002722",1686758400000,"0.00010000",1686746947000
"DUSKUSDT","0.10535000","0.10549103","0.10553539","0.00010000",1686758400000,"0.00010000",1686746947000
"CFXUSDT","0.18930000","0.18930893","0.18840304","0.00010000",1686758400000,"0.00010000",1686746947000
"AVAXBUSD","11.89235758","11.90304948","0","0.00010000",1686758400000,"0.00010000",1686746947000
"STXUSDT","0.51850000","0.51883776","0.51861823","-0.00031216",1686758400000,"0.00010000",1686746947000
"ALGOUSDT","0.11601556","0.11612633","0.11571901","-0.00001680",1686758400000,"0.00010000",1686746947000
"ATAUSDT","0.09045195","0.09043204","0.09051538","0.00010000",1686758400000,"0.00010000",1686746947000
"CTSIUSDT","0.12540000","0.12545384","0.12519677","0.00008279",1686758400000,"0.00010000",1686746947000
"ATOMUSDT","8.74900000","8.75878206","8.75551833","-0.00020790",1686758400000,"0.00010000",1686746947000
"DENTUSDT","0.00066602","0.00066675","0.00066629","0.00010000",1686758400000,"0.00010000",1686746948001
"ETHUSDT_230630","1747.47181755","1744.88517647","1746.02693742","0",0,"0",1686746948001
"LDOUSDT","1.78220000","1.78351242","1.78648716","-0.00008517",1686758400000,"0.00010000",1686746948001
"COMPUSDT","27.87390644","27.91037391","27.95393086","0.00002557",1686758400000,"0.00010000",1686746948001
"BATUSDT","0.16950000","0.16971047","0.16966657","0.00009106",1686758400000,"0.00010000",1686746948001
"ARUSDT","5.16056400","5.16133831","5.16064987","0.00010000",1686758400000,"0.00010000",1686746948001
"IDUSDT","0.29190000","0.29192955","0.29257848","0.00010000",1686758400000,"0.00010000",1686746948001
"PHBUSDT","0.60566212","0.60639846","0.60788784","0.00005827",1686758400000,"0.00010000",1686746948001
"IOTXUSDT","0.01770000","0.01771591","0.01773073","0.00010000",1686758400000,"0.00010000",1686746948001
"1000FLOKIUSDT","0.02218195","0.02219722","0.02226476","0.00010000",1686758400000,"0.00010000",1686746948001
"MAGICUSDT","0.70200000","0.70225171","0.70312223","0.00010000",1686758400000,"0.00010000",1686746948001
"ETHUSDT","1744.15000000","1744.88517647","1746.02693742","0.00007790",1686758400000,"0.00010000",1686746948001
"OGNUSDT","0.07130000","0.07137041","0.07145924","0.00010000",1686758400000,"0.00010000",1686746948001
"TOMOUSDT","1.60090000","1.60203004","1.62530257","-0.00014509",1686758400000,"0.00010000",1686746948001
"KNCUSDT","0.48850000","0.48870256","0.48765583","0.00010000",1686758400000,"0.00010000",1686746948001
"ARPAUSDT","0.04868699","0.04869188","0.04869412","0.00006324",1686758400000,"0.00010000",1686746948001
"UNIBUSD","4.46368194","4.47585113","0","0.00010000",1686758400000,"0.00010000",1686746948001
"CELOUSDT","0.41151826","0.41204197","0.41122617","0.00010000",1686758400000,"0.00010000",1686746948001
"OCEANUSDT","0.29610000","0.29643142","0.29706079","0.00004420",1686758400000,"0.00010000",1686746948001
"STMXUSDT","0.00347812","0.00347799","0.00347888","0.00010000",1686758400000,"0.00010000",1686746948001
"LDOBUSD","1.78230000","1.78304107","1.78683908","0.00010000",1686758400000,"0.00010000",1686746948001
"ETHBUSD","1744.67451116","1745.30410249","1746.33773795","0.00010000",1686758400000,"0.00010000",1686746948001
"RNDRUSDT","1.93690000","1.93722319","1.93495859","-0.00017524",1686758400000,"0.00010000",1686746948001
"LEVERUSDT","0.00118507","0.00118515","0.00117666","0.00010000",1686758400000,"0.00010000",1686746948001
"DOTBUSD","4.68501374","4.69191169","0","0.00010000",1686758400000,"0.00010000",1686746948001
"SOLUSDT","15.18200000","15.18833716","15.19792524","0.00000440",1686758400000,"0.00010000",1686746948001
"PERPUSDT","0.41430000","0.41439789","0.41359537","0.00010000",1686758400000,"0.00010000",1686746948001
"HIGHUSDT","1.32600000","1.32669626","1.33237950","0.00010000",1686758400000,"0.00010000",1686746948001
"XRPUSDT","0.50770000","0.50788352","0.50835673","-0.00005761",1686758400000,"0.00010000",1686746948001
"1INCHUSDT","0.27040000","0.27038196","0.27054413","0.00010000",1686758400000,"0.00010000",1686746948001
"ALPHAUSDT","0.11949000","0.11960974","0.11895113","-0.00039956",1686758400000,"0.00010000",1686746948001
"SXPUSDT","0.33030000","0.33037781","0.33095253","0.00007163",1686758400000,"0.00010000",1686746948001
"BALUSDT","4.54000000","4.54478392","4.54993706","-0.00020486",1686758400000,"0.00010000",1686746948001
"HBARUSDT","0.04661000","0.04665669","0.04666789","-0.00004676",1686758400000,"0.00010000",1686746948001
"MINAUSDT","0.41829439","0.41900541","0.42165524","0.00010000",1686758400000,"0.00010000",1686746948001
"1000PEPEUSDT","0.00092723","0.00092720","0.00092831","0.00010000",1686758400000,"0.00010000",1686746948001
"ZECUSDT","25.22000000","25.22940877","25.25837809","0.00010000",1686758400000,"0.00010000",1686746948001
"SPELLUSDT","0.00043780","0.00043796","0.00043863","0.00010000",1686758400000,"0.00010000",1686746948001
"STORJUSDT","0.23321766","0.23330630","0.23332666","-0.00000825",1686758400000,"0.00010000",1686746948001
"UNIUSDT","4.47500000","4.47577901","4.46293160","-0.00011907",1686758400000,"0.00010000",1686746948001
"TRBUSDT","9.42000000","9.42730798","9.43496740","0.00010000",1686758400000,"0.00010000",1686746948001
"ACHUSDT","0.01996000","0.01998628","0.02007282","0.00010000",1686758400000,"0.00010000",1686746948001
"FLMUSDT","0.05921207","0.05935767","0.05954059","0.00010000",1686758400000,"0.00010000",1686746948001
"MASKUSDT","3.57900000","3.57929708","3.58574525","-0.00008097",1686758400000,"0.00010000",1686746948001